email,password,name,role,roleLabel,plant,siteId,employeeId,visibleOnLogin
"director@nectarenviro.com","nectar2026","Prashant Rohidas Adsul","director","Director","org-wide","","","yes"
"hr@nectarenviro.com","nectar2026","Swati Ingle","hr","HR Manager","org-wide","","emp0147","yes"
"etp.manager@nectarenviro.com","nectar2026","Anand Dakave","manager","Manager","ETP","s-etp","emp0123","yes"
"etp.shift@nectarenviro.com","nectar2026","Bidhichand Rajbhar","shift_incharge","Shift In-Charge","ETP","s-etp","emp0124","yes"
"etp.supervisor@nectarenviro.com","nectar2026","Neetesh Diwathe","supervisor","Supervisor","ETP","s-etp","emp0125","yes"
"shilpa.hotkar@nectarenviro.com","nectar2026","Shilpa Hotkar","employee","Employee","ETP","s-etp","emp0126","yes"
"rohit.singh@nectarenviro.com","nectar2026","Rohit Kumar Singh","employee","Employee","ETP","s-etp","emp0127","yes"
"mohee.vinchu@nectarenviro.com","nectar2026","Mohee Vinchu","employee","Employee","ETP","s-etp","emp0128","yes"
"sanket.jagadale@nectarenviro.com","nectar2026","Sanket Jagadale","employee","Employee","ETP","s-etp","emp0129","yes"
"sandip.ohol@nectarenviro.com","nectar2026","Sandip Ohol","employee","Employee","ETP","s-etp","emp0130","yes"
"ro.manager@nectarenviro.com","nectar2026","Uday Patil","manager","Manager","RO","s-ro","emp0131","yes"
"ro.shift@nectarenviro.com","nectar2026","Pawan Jagdhane","shift_incharge","Shift In-Charge","RO","s-ro","emp0132","yes"
"ro.supervisor@nectarenviro.com","nectar2026","Vikas Dabade","supervisor","Supervisor","RO","s-ro","emp0133","yes"
"rafik.shaikh@nectarenviro.com","nectar2026","Rafik Shaikh","employee","Employee","RO","s-ro","emp0134","yes"
"siddhant.marale@nectarenviro.com","nectar2026","Siddhant Marale","employee","Employee","RO","s-ro","emp0135","yes"
"surekha.bhosale@nectarenviro.com","nectar2026","Surekha Sitaram Bhosale","employee","Employee","RO","s-ro","emp0136","yes"
"akshay.bendkoli@nectarenviro.com","nectar2026","Akshay Bendkoli","employee","Employee","RO","s-ro","emp0137","yes"
"pravin.chormule@nectarenviro.com","nectar2026","Pravin Chormule","employee","Employee","RO","s-ro","emp0138","yes"
"mee.manager@nectarenviro.com","nectar2026","Sanjay Waghaskar","manager","Manager","MEE","s-mee","emp0139","yes"
"mee.shift@nectarenviro.com","nectar2026","Gaurav Khandagale","shift_incharge","Shift In-Charge","MEE","s-mee","emp0140","yes"
"mee.supervisor@nectarenviro.com","nectar2026","Rushikesh Pawar","supervisor","Supervisor","MEE","s-mee","emp0141","yes"
"abhinandan.pawane@nectarenviro.com","nectar2026","Abhinandan Sanjay Pawane","employee","Employee","MEE","s-mee","emp0142","yes"
"bhairavi.kadu@nectarenviro.com","nectar2026","Bhairavi Kadu","employee","Employee","MEE","s-mee","emp0143","yes"
"meghal.salgaonkar@nectarenviro.com","nectar2026","Meghal Salgaonkar","employee","Employee","MEE","s-mee","emp0144","yes"
"anita.kadam@nectarenviro.com","nectar2026","Anita Kadam","employee","Employee","MEE","s-mee","emp0145","yes"
"ravi.thakur@nectarenviro.com","nectar2026","Ravi Thakur","employee","Employee","MEE","s-mee","emp0146","yes"
"asha.patil@nectarenviro.com","nectar2026","Shilpa Hotkar","employee","Employee","ETP","s-etp","emp0126","no"
"priyanka.sharma@nectarenviro.com","nectar2026","Swati Ingle","hr","HR Manager","org-wide","","emp0147","no"
"site@nectarenviro.com","nectar2026","Legacy Site Lead","site_incharge","Site In-Charge","ETP","s-etp","emp0123","no"
"safety@nectarenviro.com","nectar2026","Safety In-Charge","safety_incharge","Safety In-Charge","ETP","s-etp","","no"
